,InjurySeverity
8659,1
9609,0
9815,0
2882,0
10231,0
15,0
6138,0
7009,1
6955,1
3373,1
10742,0
11442,0
2936,0
4918,1
2803,1
7513,1
8230,0
9296,1
6572,1
1134,0
976,0
3214,1
1814,0
8934,2
10533,0
673,1
8190,1
6171,0
2057,1
3318,0
5853,1
7051,0
1072,0
8905,0
6655,1
3891,1
654,1
0,1
6048,1
2319,1
7896,0
2668,0
8863,1
12004,2
2234,1
8613,1
5117,0
9666,0
21,1
1166,0
3021,1
7836,0
1042,1
6807,0
4494,0
2269,1
601,0
3875,0
526,1
12002,1
4538,1
8968,2
5011,1
2982,1
558,1
1363,1
6075,0
1081,0
5335,1
4187,0
4562,0
9773,1
4165,1
10232,1
5479,0
906,0
5397,1
11431,1
6017,0
2613,1
11009,1
9065,1
2180,1
3394,1
7992,0
4505,1
9031,0
10542,1
1397,1
9156,0
9619,0
2920,1
10024,0
11695,0
4809,1
11561,2
8466,1
273,1
2865,1
6398,1
2366,0
3261,1
3190,1
7023,1
6236,0
1437,0
7229,1
6957,0
9743,0
10972,1
4738,0
3483,1
11619,1
3333,0
4516,1
4991,0
8757,0
7696,1
4566,0
7311,1
2751,0
1315,0
7719,0
1411,1
1981,0
3130,1
3079,1
6139,1
1149,2
7627,1
11851,1
10090,1
10633,0
11256,1
6115,1
8756,1
8802,1
2695,1
2395,1
9306,1
4695,0
5097,1
11572,0
6044,1
3994,1
505,1
8321,0
5647,1
3659,1
190,0
11658,0
7368,1
5457,1
4222,1
6860,1
7789,0
4088,1
5268,0
1919,1
3684,1
11014,1
10790,0
3277,1
10180,0
4964,1
11025,1
6877,1
462,0
3490,0
4136,1
3459,1
3176,1
534,1
6873,1
8388,0
6836,0
7437,1
6453,1
5564,1
1878,1
1155,0
2673,1
4958,1
2208,0
1218,1
5077,0
2249,1
1528,0
4443,1
10943,2
8878,0
7586,1
7891,0
9282,0
1622,1
8821,1
8727,0
5223,1
7107,1
2945,0
2662,2
6254,1
4255,0
2303,1
1944,0
1234,1
1222,2
2527,1
437,0
7492,0
10863,1
6422,1
2601,0
7826,0
6761,1
3220,0
8541,0
7367,0
2658,0
11759,1
8789,1
1341,1
8783,1
8616,1
11581,1
7959,0
442,1
5960,1
2406,0
11704,0
4667,1
2637,0
5433,1
8343,1
7079,1
11030,1
2679,0
8672,1
3888,1
5470,1
8392,0
4522,1
2433,0
1364,2
3011,1
2124,1
5273,1
4889,1
1770,1
6930,0
7905,1
5604,1
1171,1
8948,1
8947,2
3228,0
9938,1
4840,1
10023,0
4477,1
7241,1
4992,0
9593,0
495,1
10128,2
5910,0
5644,0
2035,0
5052,1
7980,1
6320,1
4153,1
10634,1
9650,2
4460,1
324,0
3388,0
1084,2
6039,0
605,0
1742,0
5858,1
3798,0
3106,1
2306,1
10722,1
6338,1
7861,1
10419,0
11105,0
7773,1
204,1
145,1
5854,1
7093,0
7445,1
3708,0
548,1
10192,1
1082,1
9625,0
3867,1
7548,0
616,1
10959,2
2490,0
2417,1
2240,0
6491,1
1465,1
3763,1
4867,1
8329,1
9154,0
2185,1
10074,0
7204,1
478,0
4692,1
5945,0
8612,1
1603,0
3204,0
11367,1
11973,1
9440,1
1192,1
981,0
797,1
2913,1
2663,0
560,1
5887,1
3082,1
5066,1
3193,0
2876,1
11430,1
6945,0
11980,0
2147,0
11852,0
11887,0
6256,0
900,1
2968,1
6728,1
5431,0
4899,0
7564,1
181,1
10344,0
9364,0
2726,1
9023,0
3859,1
1538,0
10401,0
5677,1
5165,0
7799,1
866,1
6326,0
2840,1
5918,1
11983,1
1710,0
7130,1
10541,1
2826,0
9478,1
2225,0
4223,0
7200,1
2435,0
5929,1
3528,0
702,1
10897,1
698,1
2867,1
10540,0
7678,1
9328,0
2723,1
7318,0
11574,0
4877,0
10450,1
11787,1
1503,1
707,1
1272,1
8553,1
2625,0
9146,1
7292,1
1671,1
6387,1
422,1
1709,0
7511,0
5087,1
8694,1
6184,1
9620,1
3723,0
7451,0
557,0
1845,0
3514,1
6119,2
6105,1
243,1
9470,1
1083,0
6883,1
8316,1
11300,0
9492,1
1356,1
7947,1
436,0
4112,0
777,0
6737,1
2242,0
10953,1
3886,0
9298,0
10275,1
1971,0
11048,1
4424,0
9737,1
2793,1
6063,0
8786,1
6472,2
7680,1
3308,0
2653,0
3822,0
4220,1
7184,1
9337,1
6482,0
8692,0
7281,0
2093,1
7083,1
11886,1
2959,0
2515,1
9649,1
10260,0
10940,0
8151,1
1337,0
7127,0
8231,1
237,0
6470,1
7008,0
4077,1
8857,0
5504,0
3799,1
136,0
9536,1
6216,0
8335,0
8623,0
9992,1
2429,0
8451,0
10701,1
1676,0
11829,1
3132,1
7518,0
8217,1
6966,0
593,1
7738,0
171,0
11729,0
9034,1
8529,1
6388,0
2670,0
11666,1
9383,1
10726,1
1064,0
7378,1
4385,1
11031,1
11476,1
5669,0
95,1
5244,1
363,1
6241,0
1163,1
7155,1
2652,0
2743,1
680,1
7543,1
7929,1
1355,1
6862,0
5588,0
7841,0
11055,1
6905,1
8161,0
781,1
9336,1
411,0
4224,1
625,0
203,0
10230,1
7718,1
6224,0
11343,1
10615,0
2441,1
10004,0
11569,2
12023,0
638,0
9417,1
7331,0
1420,1
2839,0
9437,1
1726,0
10460,1
9831,1
7593,1
2681,2
5597,0
7004,1
1003,0
1837,1
3067,1
8294,0
391,1
4364,0
6684,1
8182,0
2029,1
11816,1
6547,1
306,0
3113,1
135,1
2734,1
8318,1
8718,1
11943,1
6301,1
2661,1
10321,1
288,0
982,1
10456,1
4934,0
5101,0
3978,1
11647,1
10686,1
11749,1
9532,1
327,1
7231,0
2750,0
1989,1
10137,0
6980,0
7526,1
1289,1
11723,1
2497,1
10683,1
7463,2
723,1
5131,1
1683,1
7464,0
10708,0
10123,1
3654,1
803,2
10431,0
5493,0
3563,1
3342,1
3294,0
10190,1
3813,1
2595,1
8207,1
738,1
9608,1
5221,1
3681,0
4592,0
6264,1
5837,0
1096,2
10758,0
3519,0
11132,0
8619,1
3620,1
945,1
8711,1
965,1
3209,0
5732,1
7752,0
182,1
9300,1
4350,0
3368,0
1893,1
9795,1
7207,1
5866,0
10476,0
3837,0
490,1
3270,1
5724,0
8517,0
8634,1
8997,0
10445,0
3124,0
3128,1
3856,1
6575,1
7417,0
8949,2
3782,1
7030,0
7371,0
1352,0
7187,1
5060,1
5174,0
4346,1
3058,0
755,1
4249,0
10030,2
6704,0
9361,2
7613,1
8666,1
3274,0
8263,0
7658,1
7795,0
1725,0
5502,1
5946,2
11781,1
9694,2
3569,0
10905,1
10155,1
874,0
7251,1
679,0
4586,1
1907,1
5981,1
1872,2
8368,0
811,1
10226,1
2580,1
8793,1
2031,1
9130,1
3033,0
728,1
8422,0
4952,1
8815,0
2567,1
4341,0
1347,0
9512,0
9862,0
6886,1
3874,0
3554,1
4499,0
10076,1
5212,1
5081,1
1915,1
1834,1
9353,1
9466,1
1372,0
7715,0
8391,0
8609,1
4288,2
6986,1
6559,0
452,1
10883,0
6782,0
6556,0
10531,0
1252,0
7507,0
3081,0
1926,0
8538,1
11613,1
10637,1
4000,1
2919,2
11425,1
7555,0
1737,1
10320,1
4269,0
296,0
10817,2
1986,0
4635,2
3070,1
8424,0
4836,1
9605,0
10328,1
11795,1
6061,1
11325,1
4560,1
2686,0
183,1
5796,1
2707,1
1687,1
9140,1
9721,1
3709,0
1562,0
9416,1
1069,0
11564,1
11820,0
149,1
8799,1
1743,1
8917,1
10870,1
5613,0
8468,1
1546,0
1269,1
73,1
7544,0
11491,1
4900,2
209,0
1197,1
3061,0
6953,1
2410,1
1752,1
7304,1
7804,0
6908,1
4961,0
543,1
2930,1
3302,1
7179,1
4357,1
1338,0
10227,0
5648,1
4678,1
9322,1
1361,1
917,0
4324,1
1566,1
7151,0
8955,0
4014,0
9744,0
799,1
5714,0
5434,1
8787,1
5637,0
8125,0
2752,1
197,1
8481,0
1123,1
6509,1
1718,1
3776,2
3471,0
6055,1
5144,1
7674,0
10459,2
9780,1
3732,1
8187,1
3513,1
1817,0
7197,0
7284,0
10886,1
4033,1
10124,1
2844,1
1625,0
1973,0
7707,0
1553,1
10448,1
11830,1
11714,1
330,1
11937,0
1661,0
5073,1
3112,0
1415,1
6362,1
8153,1
664,1
8242,1
6757,0
2371,0
9864,0
2806,0
8986,0
4278,0
7969,1
6616,0
6314,1
5735,1
4469,1
7314,1
5944,1
1730,1
10026,2
9899,0
10717,1
3985,1
7206,1
1440,0
9695,1
5275,1
5438,2
9504,0
10158,1
5308,1
2313,0
8295,1
6444,0
6090,1
7239,0
7111,0
5713,0
10003,1
3189,1
2069,0
335,1
7533,0
229,1
1321,0
814,0
116,0
5254,0
708,1
8339,0
4671,1
691,0
4172,1
11197,1
1059,0
11950,1
10160,1
7652,1
1264,1
92,1
3945,1
332,0
4683,1
2279,1
2993,1
3926,1
11936,0
10303,0
5601,1
5790,0
7925,0
6342,0
4533,0
7068,1
815,1
5830,1
2033,1
569,0
7482,1
4529,1
5407,1
4924,0
7760,0
9467,1
6116,1
8191,1
8605,1
4265,1
7355,1
766,0
4573,1
3355,0
3649,1
5124,1
3400,1
107,0
5561,0
9163,1
9802,0
4701,0
6937,1
4479,0
574,1
7069,0
6835,0
7744,0
10703,0
8249,1
2633,1
3843,1
5116,1
5691,1
949,1
10091,1
2078,1
1976,1
1556,0
1541,1
222,0
2518,0
399,0
4859,1
1429,2
1034,1
8145,0
5199,0
5567,0
6258,0
5343,1
8631,1
11681,0
1587,1
6645,1
4556,1
2898,0
6177,1
7223,1
2237,0
6237,1
5115,1
1518,1
1582,2
5823,1
4921,2
7647,1
8483,1
2168,1
7659,1
2294,1
6194,1
2772,0
5632,1
4392,0
4730,1
5159,0
1418,1
8927,1
7074,0
6675,1
6830,0
7912,1
6771,0
10522,0
7759,0
9314,0
1564,2
8761,0
10261,0
1407,0
2657,1
429,0
3957,0
2052,1
7303,0
5971,1
7957,1
7325,0
8277,1
6436,1
177,1
11341,1
6576,1
1707,0
6281,0
6504,2
5533,1
1374,1
3449,1
5634,1
5006,0
11642,1
5807,1
4036,1
7353,1
4617,1
7756,1
983,0
4583,1
298,1
2364,1
6854,0
11276,0
2458,1
9014,0
8185,1
1549,0
1270,1
1978,1
3736,1
2396,1
712,1
9164,0
6933,0
5760,0
6574,1
8682,0
384,1
2386,1
4944,0
5936,1
6956,0
11077,1
3275,0
2372,1
10347,0
2788,2
4572,1
9161,1
3153,1
3207,1
493,1
3403,0
2217,1
11897,0
3613,1
6038,0
6226,1
8202,1
5815,1
8537,0
11844,1
11046,0
3191,1
2569,0
8768,1
11870,0
8544,0
4969,1
264,0
38,0
7406,1
9293,0
7479,1
137,1
1202,2
537,0
7476,1
7384,0
50,1
2273,1
4575,1
4607,0
10871,1
1827,1
5674,0
5602,0
1946,0
11330,0
875,1
1142,0
3169,0
5966,1
93,0
6599,1
2056,1
2070,1
4896,0
2274,1
8841,0
2863,1
2224,1
6548,0
3454,1
790,1
7095,1
2925,0
1310,0
9135,1
4546,0
1890,1
3603,1
5413,1
11643,0
2218,0
2635,0
471,1
1400,0
5179,0
5389,0
1716,0
5182,1
5410,0
6150,1
2459,1
6701,1
4935,1
5633,0
5566,1
1474,1
512,2
9165,0
142,0
8922,1
4582,1
4822,1
1489,0
9472,0
2454,0
3535,0
2687,0
500,0
2966,0
3634,1
5291,1
2016,1
3492,0
6790,1
3656,1
11168,0
6624,1
4663,0
8732,1
3281,0
9765,1
6111,1
1327,2
10334,2
6445,1
5004,0
62,1
3382,0
11644,1
410,0
6693,1
11417,1
5692,1
8177,1
9543,1
2058,0
5757,0
8120,0
6640,0
946,1
2910,1
4648,2
9764,1
9424,0
6827,0
5529,1
3988,2
5660,0
7171,1
3198,1
3450,0
5976,1
829,1
1249,0
1962,0
11856,0
2167,1
3640,0
10511,0
1273,1
783,1
9746,1
2089,0
1104,1
2119,1
6452,1
10417,0
6623,1
9892,0
1520,0
2176,1
9799,1
4040,1
4655,1
9918,0
9145,0
8286,1
2194,0
10491,0
315,0
3026,0
4144,1
8684,0
11775,0
3954,0
3894,1
3117,1
9769,1
10093,2
8715,1
354,1
18,0
1485,1
2456,0
4510,1
9958,1
3235,1
11275,0
7302,2
6929,1
4273,1
11397,2
11437,1
11979,1
8282,0
8952,1
5387,1
6374,0
4019,1
9365,0
3952,0
11190,1
3503,1
10667,0
1468,1
6042,0
10356,1
7469,1
4717,1
4351,1
1117,1
9692,0
10618,0
5503,0
6380,0
9523,0
3118,1
3801,0
6140,1
1905,1
7713,1
11743,0
7966,0
4257,2
9803,0
5382,1
1904,1
7177,1
6878,1
9885,0
1870,0
10631,1
4886,1
11265,1
4248,1
6958,1
630,1
2853,0
4954,0
908,0
2017,1
10375,1
2946,0
1967,0
5558,1
7588,0
7076,0
7243,0
3288,0
11828,1
6144,1
5661,0
8921,1
4138,1
10652,0
5133,1
1524,1
8749,2
10461,0
6336,0
6195,0
12010,0
805,2
1398,2
5138,0
8302,0
11426,1
5515,1
2296,0
5450,1
7193,1
5106,0
2223,1
1648,0
685,0
6512,0
6419,0
2182,0
2498,1
2465,0
9381,1
4515,0
10958,0
11725,0
2013,2
3984,1
8170,0
10981,0
6935,1
94,1
607,1
10437,1
96,1
12009,1
2186,1
6888,1
4093,2
9879,1
3080,0
9804,1
12008,0
1616,1
6147,0
10961,1
5765,0
2779,1
8791,0
1813,0
3103,1
9330,1
1000,0
8297,0
3606,0
275,0
6499,1
5662,0
4627,0
2403,0
3987,1
8410,1
1533,0
659,1
8131,2
5327,0
7340,0
4044,1
1736,1
2589,1
9588,1
3488,0
2177,1
5094,0
10365,0
7629,1
3172,0
3999,0
7153,0
6464,1
9513,1
4213,1
10324,0
743,0
383,1
4610,0
2634,0
9847,1
1332,1
409,1
9485,1
5406,0
11407,1
942,1
4977,1
6543,1
8944,1
9433,1
9510,1
11152,1
6697,1
8699,0
6101,0
4990,0
7154,0
3014,0
6023,1
11827,1
7390,0
5578,0
2781,1
3376,0
6951,1
9583,0
8115,0
10976,0
7605,1
5284,0
10734,1
5525,1
9136,1
870,0
7901,0
373,0
3968,0
6146,1
2376,1
10170,1
2888,1
6375,1
7971,0
563,1
1670,0
6458,0
7711,0
7956,0
12006,1
336,1
11366,1
2123,0
6595,1
9753,0
8180,0
4164,1
66,0
6160,0
3097,1
2214,0
3702,0
3000,0
3424,0
3289,0
7561,0
3881,1
8966,0
1294,1
2630,0
10797,1
10676,0
11136,1
10969,0
3352,0
3773,2
7393,1
4121,0
11732,1
4131,0
10174,1
5418,0
10112,0
8092,1
3431,0
8967,0
4142,0
11660,1
869,0
8824,1
8603,0
165,1
2166,1
4621,0
11179,1
8079,1
11726,0
4459,0
6797,0
469,0
8713,1
4272,1
122,0
10862,1
11668,2
10250,1
5810,1
963,1
921,1
2427,0
10298,0
8427,0
2543,0
7135,1
2857,1
5383,1
2994,1
7927,1
7764,0
6620,0
6814,0
2649,1
4750,1
5958,1
5739,0
2351,1
6592,1
5122,1
5198,1
7726,0
4345,0
7699,1
7590,1
10080,2
8867,1
7426,1
4373,0
5517,0
9162,1
1454,0
2866,1
9849,1
1107,0
9545,0
479,0
3687,1
980,1
3216,1
3611,0
907,0
5194,0
7185,1
3923,1
9535,0
5562,1
4849,1
1900,0
7026,1
2809,1
7869,1
6347,0
1194,0
11307,0
7164,0
6351,1
6897,2
6288,0
6153,1
3361,0
6788,0
3805,1
634,1
11944,0
6442,1
4146,0
4084,1
167,0
10146,0
4931,0
5574,1
5464,2
4457,1
1062,0
1901,1
7807,1
11793,1
1278,0
8383,0
2929,1
4455,1
10794,1
4600,1
2330,1
5589,0
2754,1
10682,1
831,0
11942,1
4064,0
1793,0
8754,1
3316,0
5526,1
7308,0
6794,0
7071,1
7693,0
6783,1
8995,0
11630,1
7290,1
8401,1
5585,1
8167,0
3056,0
4415,0
11053,0
10932,1
1823,1
3481,1
4709,1
2252,0
6808,1
10467,0
85,1
3023,1
2586,1
4183,0
3412,1
9446,1
5001,1
6810,1
7477,1
5437,1
7305,0
2886,1
10724,1
223,1
7968,0
4996,1
5126,1
9419,2
11145,1
9809,0
6667,0
4192,2
8822,1
5514,1
8156,1
6795,1
6941,0
5215,1
4929,1
10144,1
6165,0
1792,1
8532,1
8471,1
4315,1
2773,0
5423,1
2361,1
7395,0
998,1
7064,1
8089,0
4027,1
1735,1
4399,0
8586,0
2646,0
1580,0
1996,0
1387,1
4461,1
7294,0
5243,0
4907,1
939,0
8610,1
10289,0
10164,1
9297,0
9551,0
2909,0
1233,1
867,1
4252,0
7965,1
9079,1
3030,0
10228,2
5079,2
3845,0
3320,0
7928,1
4333,1
5883,1
1652,1
4887,0
1935,0
5856,1
5483,1
9931,0
7108,1
8437,2
3036,1
10787,1
8447,1
2587,0
4240,1
2720,0
5709,0
9539,0
4067,1
11084,0
10451,1
4708,1
4229,0
4963,1
2191,0
1488,1
2973,0
725,0
1680,2
2210,1
959,1
10040,0
3844,0
5776,1
8705,0
2785,1
9572,0
205,1
4551,0
7092,0
3411,0
11158,1
2578,0
794,0
5783,0
5705,0
4478,1
11845,1
9459,0
7635,1
6100,0
667,1
7868,1
4453,0
7661,1
931,1
2213,1
4207,1
10001,1
6356,1
1937,1
8317,0
2088,1
3349,0
3797,1
10620,0
11741,2
11057,1
294,1
1287,1
2718,1
6222,0
76,1
1214,1
3979,1
7020,1
705,1
10282,1
1460,0
7692,1
468,1
5069,1
386,0
82,1
1165,1
4982,0
3914,1
3561,1
9426,1
7103,0
6227,1
11210,1
3267,1
6895,1
5835,2
1892,0
956,1
9715,1
5025,1
4910,0
10714,1
11287,0
4998,1
9508,0
812,0
1340,1
7967,0
8199,0
4436,0
4909,0
6089,0
1402,0
11137,0
704,0
8991,0
11929,1
236,1
1268,1
4865,1
8936,1
7242,0
10925,1
2732,1
8306,2
5303,0
7589,1
4209,0
964,1
10536,0
2654,0
8548,1
3932,1
6973,1
8076,0
470,1
3664,1
9837,1
6975,1
5213,0
4661,1
9462,0
4368,0
713,0
2114,0
4378,1
4267,0
6676,1
801,2
1436,1
6952,1
8598,1
3661,1
2037,1
2215,1
10912,1
7473,1
4711,0
5803,0
11646,1
11310,1
7767,1
10095,1
4930,0
3078,1
4943,0
7233,1
4293,1
2047,0
11383,0
3884,1
7097,1
9573,0
10279,0
2112,0
4471,1
4845,0
8565,1
5279,1
1867,1
11026,2
8175,0
9745,1
8621,0
424,1
11745,1
2645,1
7075,1
8630,1
10377,1
5951,0
9542,1
573,1
6311,1
2908,1
5083,1
5264,0
9571,1
10107,0
4331,1
9480,1
3870,1
11707,0
360,1
504,1
4155,1
9959,1
7148,1
5673,0
3353,1
3084,0
5401,0
8192,1
2042,0
1888,0
4078,1
8748,0
2894,1
2401,0
1150,0
1450,0
2450,0
7615,0
9969,1
10745,1
6056,1
8564,1
9691,0
11890,0
7687,1
2667,1
7562,0
2409,0
11632,1
4463,0
3192,1
11982,1
4151,1
4148,1
2115,0
4643,1
9784,0
5706,1
371,1
7717,0
8545,1
3187,1
10363,1
10455,1
5963,0
4189,0
9748,1
5059,0
6024,0
5088,1
1824,1
3918,0
11154,1
6989,1
7741,1
6685,1
10010,0
8485,1
919,0
10148,0
3008,1
11150,0
1153,0
11068,2
6412,1
576,0
11872,0
3119,1
3015,0
9760,1
2473,1
6108,1
2477,1
7579,1
11812,1
420,1
3415,1
1360,1
9673,0
6343,1
11740,1
9774,1
6193,0
3666,1
10201,0
7746,1
9869,1
8886,0
3816,1
1159,2
6949,1
1924,0
3674,1
8301,1
11577,1
1950,0
1934,0
2802,0
1704,1
3855,0
9493,1
3598,1
5925,1
4309,1
11173,0
439,1
1649,0
6152,1
699,0
1874,0
1419,0
5645,1
2413,0
1613,1
10254,1
4050,1
3815,0
2739,0
4264,0
3035,1
5967,0
9590,2
4114,2
4949,1
2423,1
9342,1
10644,1
5170,0
6012,0
8219,1
9686,1
11875,2
4939,1
8255,0
8854,0
3927,0
3441,0
4076,0
10685,0
1933,0
8877,0
1550,1
1913,0
2399,0
2566,1
10005,0
1161,1
2043,1
8935,1
2747,0
53,1
6049,2
1009,0
6421,1
2582,2
8647,1
4270,0
100,0
10713,1
11408,2
8926,0
6467,1
8152,1
5049,0
6192,1
5257,0
1385,0
7763,0
2424,0
6750,1
2411,1
952,0
4329,0
8770,1
6058,0
3577,1
11587,0
3667,0
2445,1
8807,1
3790,1
9335,1
7192,1
10548,1
2610,1
5307,1
10268,0
299,0
5921,1
10042,1
1552,0
9577,0
8806,0
1759,1
11961,0
4718,0
3101,0
10705,2
972,0
11216,1
3588,1
3690,0
7765,0
765,1
1175,0
8406,1
617,1
9505,1
476,1
6335,1
1906,1
4081,1
6263,1
11172,1
768,1
4773,0
9315,1
8356,1
7664,1
4578,0
9160,1
8898,1
935,0
4761,0
11286,1
7640,1
6542,1
6902,1
408,1
4563,1
5348,1
1756,1
394,1
7576,1
5671,0
10642,1
4826,1
4070,1
1206,1
2067,1
10783,0
4292,0
9905,1
6896,0
9015,1
3781,1
10716,0
7039,0
158,1
5276,1
7650,0
796,0
517,1
8674,1
3307,2
528,0
9007,0
6093,1
4891,2
4594,1
1251,0
9369,1
1659,1
5467,0
6067,0
345,1
8600,1
1855,1
6917,0
4803,0
8832,1
6756,1
9767,1
5560,1
4544,0
8346,1
2071,1
11362,1
111,0
3443,1
10098,0
10380,1
8088,0
6070,0
448,1
9274,0
5461,1
9331,1
3466,0
3913,1
7963,0
10799,2
7446,0
3500,1
7147,1
6317,1
3590,0
7916,1
2872,1
6842,0
7569,1
1951,0
4317,1
4228,0
11062,0
9682,1
4832,1
63,1
1809,1
1821,1
10720,2
5459,1
3122,1
6939,1
2011,1
25,1
11698,1
7495,0
4520,0
2807,0
5130,2
6009,0
4234,1
1862,1
2881,1
11271,0
151,0
6325,1
4737,0
8198,1
1063,0
3967,1
1043,0
6692,0
7279,1
756,1
4543,1
5902,0
2957,0
10552,1
8805,1
412,0
6869,1
4059,0
3862,1
8641,1
290,1
8205,1
287,0
4371,1
1401,0
9627,1
7642,1
5821,2
7010,1
4721,0
10353,1
2040,1
3829,0
9346,2
893,2
6092,0
6244,1
5552,0
2010,0
5536,0
10392,1
3682,0
7152,1
3970,0
9960,1
1881,0
4604,1
2196,0
4501,2
2821,1
6671,1
2891,0
2854,0
265,0
5269,1
67,1
5623,1
10546,0
4673,1
7721,1
11372,2
2476,0
1067,1
8975,0
564,1
10733,1
8979,1
2965,0
11803,0
1807,1
3934,0
4894,0
612,1
1927,1
775,0
9688,0
3920,1
11576,1
8511,0
7747,1
6846,1
4074,1
3761,1
4656,1
2583,1
1778,0
8685,1
5040,1
1295,0
9360,1
5114,0
496,0
5591,0
2748,1
10106,0
7597,1
1335,1
2885,1
2392,0
8804,1
131,0
338,1
8333,1
4975,1
3148,1
5995,0
11427,0
3095,2
5938,1
6669,0
9971,1
3660,0
129,0
9509,1
3065,0
10304,1
8069,0
3358,1
220,0
397,1
9984,0
8875,0
2606,1
1077,1
7460,1
11160,0
562,1
770,1
6716,0
7054,1
9898,1
6059,0
2368,0
1889,2
6315,0
4307,1
561,1
3639,1
3461,1
7731,1
1968,1
7438,1
1293,1
3872,2
2728,0
362,1
8128,1
608,0
4397,0
4487,0
809,2
11871,1
7168,1
11953,1
7788,0
5702,0
8278,0
9372,1
1056,0
2260,0
6393,1
2760,0
4353,1
8826,0
4342,1
6563,0
3940,1
9621,1
7220,0
10586,1
9973,1
10640,0
1631,1
8165,1
6643,1
4481,1
6686,0
1842,0
61,1
7496,1
4407,0
1747,0
3244,1
6524,0
3824,0
10296,1
9494,1
6526,0
4912,1
5439,1
11834,1
7435,1
3789,2
7948,1
8172,1
2935,0
5292,0
604,1
11823,0
3313,1
7542,1
757,0
1903,1
8994,1
51,0
10749,1
3331,2
10020,0
2127,1
6327,2
1376,1
8912,0
6481,1
4536,1
9955,1
4722,0
9019,1
6350,1
9303,1
6785,1
8897,1
5143,0
10924,1
1486,2
130,1
10485,0
9432,1
2002,0
2789,0
64,0
4186,2
8588,0
3362,0
3240,1
2832,0
5665,0
456,1
716,0
5621,1
9009,1
1093,2
6199,0
7409,1
257,1
8195,0
2107,2
6635,0
8416,0
1044,0
8109,1
7352,1
10545,0
465,0
9920,0
6113,0
10125,0
8397,1
6845,1
6329,1
8811,1
11510,0
3391,0
9779,0
1467,1
6549,1
6932,1
3953,0
1864,0
342,1
9394,1
3050,1
843,0
6965,1
5123,1
1910,0
5557,1
8939,0
8956,0
5667,0
2777,1
7858,0
4294,1
1392,0
57,1
5157,1
3825,0
6033,1
87,0
1955,1
7536,1
2548,1
128,0
8801,1
3468,0
9000,0
11918,1
11102,0
11638,0
11596,1
5507,1
8290,0
1605,0
2915,1
8695,1
3521,1
4258,1
9502,1
6151,1
6730,1
3511,0
11654,0
6673,0
1646,1
9580,1
9995,1
6743,1
2689,0
938,1
9834,0
950,0
4981,1
10731,0
3955,0
5261,0
4433,0
10035,0
11948,1
736,1
918,1
4182,1
10225,2
2039,0
9516,0
10946,1
4920,0
11293,1
3359,1
2539,1
4150,1
9999,1
1286,0
5290,1
7683,1
6459,0
5820,1
8971,0
6086,0
7162,0
7802,1
782,1
5717,1
11346,1
5725,0
2302,2
9897,1
4568,1
5068,1
2666,1
11656,1
2905,1
5402,1
5286,1
3017,1
9309,1
5063,1
655,1
5299,1
11334,1
3138,0
1115,1
2248,1
10443,1
3672,1
9497,0
524,1
1820,1
8628,0
5098,1
10740,0
11683,0
253,1
6649,0
11585,0
2716,1
754,0
11899,1
11838,0
11340,0
8950,1
850,2
233,1
8281,1
7712,1
10869,0
5485,1
11641,1
2360,0
726,1
1810,1
1008,0
3794,1
3408,1
9005,1
6344,0
4579,0
6562,0
1212,1
5893,0
3864,1
5721,0
2053,2
7725,1
7522,0
4113,1
2796,1
132,0
8239,0
2324,1
1256,2
10412,1
7063,0
7950,0
10011,1
11798,0
3208,0
3177,0
11169,1
6819,1
4758,0
6921,0
10154,1
1422,1
10517,2
2642,1
2074,1
10266,1
3986,1
2694,1
1531,0
793,0
5017,0
7379,0
4720,0
2765,1
6637,1
11403,1
5898,1
9078,1
8723,1
10930,0
3188,0
2713,0
7399,0
4642,0
7128,1
4242,0
2460,0
9947,1
5089,1
5672,1
3321,2
5237,1
6724,0
10603,1
11863,0
3312,0
3105,1
8093,1
4570,1
10707,1
6355,1
1861,0
821,2
2090,1
6514,1
5762,0
1127,2
11927,1
356,0
9075,1
3314,1
1638,0
10860,0
3225,1
3792,0
8773,0
872,2
1588,1
1843,1
3221,1
1662,1
4686,1
10979,1
1413,1
9698,0
10032,0
11254,0
7412,1
8644,0
1495,1
6360,0
8413,1
10889,0
8683,1
5523,0
1794,1
10514,0
8985,0
1125,0
7890,0
10866,1
188,0
6537,1
11003,1
7690,1
9488,1
2921,2
8077,0
5135,1
10913,1
1244,1
7232,0
2719,0
7401,0
10409,1
984,0
3173,0
5722,1
3029,1
3104,0
9766,1
8913,0
677,0
9356,0
5271,1
1666,1
4405,0
2836,1
3326,1
8344,0
4825,0
3745,0
3142,0
2332,1
3300,1
4518,1
2593,0
7322,0
3956,0
4314,1
7986,1
650,1
8351,0
3775,1
11479,0
3258,0
5022,1
6746,1
6265,0
8113,0
10373,0
2717,1
8576,1
9515,1
9347,0
8070,0
10812,0
11249,1
1247,1
644,1
7494,1
133,0
10394,1
4593,1
10175,0
7618,1
6968,1
3939,2
6,1
6003,0
6720,0
8105,1
3947,1
5568,0
5777,0
6709,1
10581,0
11253,1
2502,0
2009,1
11274,0
953,1
9476,1
8116,1
1032,0
4016,0
5559,0
6196,0
10538,0
10853,1
710,0
3895,1
11004,1
4319,1
9305,1
1324,1
1456,1
109,1
283,1
10954,1
10382,1
5219,0
2549,0
6251,1
3688,1
5281,0
10896,0
8599,1
5593,0
451,1
10371,0
1038,1
11909,1
5987,2
1108,0
7101,0
9720,0
11551,1
5150,1
2774,0
6367,0
7930,0
8596,1
77,1
1423,1
525,1
780,2
6715,1
11578,2
2096,1
9585,1
4685,1
10290,1
1653,0
3852,1
7158,0
4830,0
8174,1
4749,0
6561,0
10632,0
3347,0
489,1
3083,1
518,2
7537,1
2221,1
8123,1
10669,1
106,1
11438,0
10354,1
11751,1
10016,1
1885,0
11219,1
511,0
339,1
1851,1
1801,0
8996,0
5878,1
7819,1
26,1
6619,0
3635,1
11617,1
5020,0
5773,1
1519,0
4734,1
2892,1
7224,0
7790,0
11837,2
3618,1
3883,0
5695,0
9038,0
1384,0
1118,0
7376,0
6203,0
4629,1
2510,0
2997,1
7724,1
1174,2
10791,0
7885,0
11697,1
3587,1
9352,0
10126,1
7490,0
1261,1
74,1
10690,1
8200,0
4024,1
7389,0
4386,1
10718,1
9826,1
6053,1
1825,0
1575,1
1796,0
8169,1
10288,0
7199,1
11509,1
2286,1
5794,1
632,0
1655,1
1984,1
11912,1
8708,1
10950,0
9062,0
10118,1
10663,0
6112,0
6839,0
5891,1
5045,2
11901,1
820,1
7837,0
427,0
958,1
6993,0
9548,1
7345,1
5399,0
5581,1
6285,0
10891,1
769,1
9986,0
11220,1
329,2
1945,1
6855,2
2331,1
5577,2
6582,1
2759,1
7385,0
11783,0
540,1
3555,0
7735,1
11719,1
2955,0
9091,1
3254,1
7556,0
7346,0
83,0
8918,0
3579,1
11202,1
7045,1
6425,0
6221,1
8999,0
7911,0
8322,0
3885,1
2500,1
9332,0
6867,0
5341,0
6191,1
2457,1
6555,2
10083,0
719,1
4251,1
4875,0
3322,1
9824,1
3317,1
1090,1
1228,2
3812,0
10142,2
2651,1
2702,0
6447,1
11432,1
6159,0
3480,0
2738,1
2706,0
6690,0
5556,0
9059,1
7734,0
4030,1
9087,0
3679,1
1739,0
245,0
3425,1
11579,0
9483,0
174,0
7663,0
5743,1
10108,0
891,0
9501,0
5361,0
8082,0
5408,1
9479,1
6201,0
3120,0
9670,1
2972,0
5491,1
10292,1
7080,1
6928,1
1365,1
913,0
11018,1
6250,1
482,1
1267,0
3464,0
5603,1
9487,1
9411,0
7780,1
1979,1
6334,0
1479,1
737,1
7116,0
5429,0
10675,1
5394,0
7262,1
8869,0
6294,1
9808,1
2158,1
3166,1
3237,2
10072,0
5812,1
2996,0
5834,2
978,1
5711,0
5572,0
9371,2
2617,1
3252,1
4846,0
11192,1
11994,0
10466,0
10029,0
8777,0
8810,2
5824,0
6879,0
9919,2
3662,1
10622,1
11157,0
285,0
2703,1
2352,1
4813,1
8470,0
11022,1
1594,0
3976,1
6474,1
3064,0
5085,0
3157,1
8216,0
613,1
11881,0
7505,1
7949,0
905,1
4276,1
2363,1
3383,1
4980,1
1243,0
9413,1
9924,1
6727,0
6525,0
1297,1
5712,1
10236,2
3392,1
3725,1
9269,1
2934,0
8938,1
7096,0
4946,1
2822,1
3691,0
7695,1
6266,0
1953,1
1087,1
4376,1
7006,1
6389,1
5241,0
11482,0
11008,0
8074,1
4454,1
6268,0
7178,1
8696,1
6712,1
7033,0
8305,0
8945,1
1570,0
8714,1
588,1
2977,1
10488,1
7580,0
2906,1
8874,0
6183,0
3632,0
999,1
9911,0
3146,1
4158,1
7373,1
4281,1
3942,1
5872,1
2907,0
8389,1
4524,1
6789,0
9166,1
11998,1
652,0
8531,0
2928,0
36,0
9910,1
1431,0
4786,0
7732,0
619,0
9811,0
6168,1
4993,1
6706,2
29,0
5962,1
1629,1
5154,1
7388,1
9775,1
4879,1
6641,0
1734,0
666,1
1060,2
8359,0
2100,2
9602,0
9451,1
1610,1
9936,1
7065,0
2036,1
6275,0
2974,0
1424,0
7599,1
1619,1
3786,0
1930,1
454,0
1466,1
4058,0
7506,0
6687,0
6915,0
8856,1
2393,1
5331,1
7195,1
2244,0
1875,0
215,1
2385,0
7937,0
9700,1
3037,0
4017,1
4321,0
6368,0
11376,0
8432,1
343,0
2631,0
1803,1
1758,1
10287,0
11153,1
11675,1
9902,1
3170,0
8393,1
808,1
11434,2
3734,0
6776,1
248,1
11255,0
3777,1
12025,1
2323,2
5111,0
643,1
81,1
5707,1
2980,1
6834,0
8559,0
286,1
7315,0
7907,0
2259,1
2226,1
7047,0
9858,1
1173,1
6328,0
252,1
9056,0
3178,0
5896,0
2370,1
5214,1
4625,1
7455,0
5267,0
2786,1
3506,1
483,0
9286,0
1749,1
10751,1
2868,0
5031,1
2388,0
6733,1
6269,0
9333,0
5827,0
11608,1
1977,0
8721,1
9396,0
7088,1
5350,1
6243,1
10744,0
3841,0
4602,1
3062,0
9576,2
4235,1
2790,1
985,0
7902,0
309,0
7502,0
10085,2
8279,0
7427,1
3257,0
2461,1
9829,1
322,0
5373,0
2159,0
8126,0
2245,0
5302,0
3390,1
2941,0
10073,0
730,1
4523,1
1237,1
11737,1
6000,0
3671,1
5294,1
682,1
7132,0
1640,1
1052,1
7581,0
7238,0
6073,0
344,0
494,1
3110,0
7572,0
202,1
9644,0
3897,0
4641,1
6568,0
4704,1
9279,1
5107,1
7757,0
6077,0
1689,0
5947,1
2970,1
10671,1
11583,0
1477,1
2027,1
3962,1
3487,0
5745,1
9622,1
6936,1
4987,2
3436,0
7742,0
10893,1
4284,1
9719,0
11908,1
2468,0
2448,0
5452,1
5185,0
813,0
9778,1
6245,1
1557,0
5862,0
5727,0
1869,1
9979,1
2327,0
509,1
2008,1
2418,1
3133,1
4994,1
7898,1
7524,1
8860,0
9428,1
9964,1
7694,0
6531,0
6167,1
8347,0
4763,0
432,0
8536,2
2621,0
9367,0
11891,1
6122,1
4464,1
5563,1
8099,1
4143,0
11835,0
5436,1
8520,1
4989,1
9863,1
3284,0
6745,1
11208,0
6448,0
1381,0
2086,0
5235,1
4440,1
23,1
10872,1
1322,1
2419,1
842,1
549,0
6806,0
7800,0
3899,1
2345,1
975,1
5319,0
11882,1
10628,0
5870,1
5005,1
6094,0
5316,1
1633,0
3630,1
8771,0
2829,0
4476,1
4653,1
6683,1
3960,1
8189,0
3351,0
2440,0
742,0
11809,1
228,1
11040,1
11558,2
6660,0
2104,1
9061,0
2722,0
8274,0
3621,1
4883,1
11006,1
9149,0
1884,1
5506,0
3907,1
10027,0
2246,1
3724,1
6013,1
5723,1
2106,0
514,0
4926,0
173,1
7646,1
7797,1
4790,1
4232,1
2256,1
5997,1
1126,0
4960,1
3282,1
2644,0
11298,1
2162,0
1630,1
1156,0
9017,0
5509,0
11111,1
1195,1
7144,0
8658,1
9507,1
4492,0
5432,1
9010,1
3706,1
9683,1
8114,1
3735,1
1636,1
7320,0
9929,1
1373,1
4181,0
11687,0
9961,0
10723,1
11163,0
8412,2
4589,0
2148,0
7606,1
1219,1
7631,1
5531,2
873,1
989,0
6071,1
1190,1
3604,1
4414,1
8387,0
6833,2
7263,0
6242,1
4451,1
8591,0
9762,1
1162,1
9597,1
11344,1
1769,0
8923,1
4696,1
6369,0
9455,1
5374,0
8374,1
10600,1
9739,1
9967,1
1499,0
2375,2
1853,0
2769,0
2858,1
3242,0
1632,0
6124,1
4728,1
7341,0
6598,1
4205,0
11934,1
5755,1
7796,0
10704,0
1617,0
1856,0
10750,1
4971,0
10366,1
11663,0
10139,0
4409,1
614,0
6279,0
10864,1
1908,1
9667,1
7,1
9626,0
7119,0
2811,1
47,1
5809,1
2999,0
4620,1
6133,1
7301,0
11162,0
568,1
8357,0
10901,0
2697,1
791,0
9499,1
7323,1
2927,1
7793,0
8309,1
3229,1
9662,1
7510,1
4502,1
352,1
1966,0
3075,0
6297,1
10037,1
1151,1
7973,1
9944,0
8183,1
2659,1
4020,0
11447,0
444,0
5151,1
11188,1
1993,1
606,0
319,0
7751,1
4800,0
3751,1
9589,0
11514,2
9689,0
1599,1
7060,0
9277,1
1357,1
1983,1
5984,1
6570,1
4339,0
5992,1
3059,1
8861,0
6097,0
1857,1
10084,0
9883,1
5451,0
4584,1
1959,1
520,1
10793,0
6284,1
3810,0
2727,0
9359,1
3619,1
7644,1
8726,1
3409,1
3290,0
1344,1
5311,1
7215,1
9903,1
6109,0
11445,1
7881,0
3838,1
684,1
8838,1
4073,1
7835,0
7344,1
3592,0
6604,0
3730,1
8382,0
995,0
4768,1
1393,1
4871,1
30,0
4179,0
979,0
1313,1
3933,0
6885,1
6030,0
55,2
9438,0
759,1
11416,0
266,1
7623,1
9697,0
11375,1
8823,1
2701,1
693,0
3910,1
431,0
10974,1
7248,1
1664,0
11278,1
1852,1
293,1
2737,1
11977,1
150,0
9913,0
79,1
10200,1
6725,0
7274,0
6433,0
11841,1
3678,1
9894,1
5008,1
572,1
7976,1
8664,1
1877,1
450,0
676,1
1288,0
169,2
2144,1
10684,1
8637,1
1949,1
4679,1
10643,1
1952,1
7514,0
2236,1
6204,0
5266,0
7327,0
510,0
3121,1
7827,1
5811,1
10252,0
348,0
6903,1
11618,1
10814,1
10204,2
10914,0
8336,1
7182,0
7258,1
7493,1
11159,0
6634,1
9380,2
4216,0
8417,1
2220,1
11000,0
4161,1
9026,0
4839,1
1656,0
9374,1
997,0
1746,1
986,1
1085,1
6087,0
1121,0
9887,1
2211,1
139,0
320,2
2852,0
1822,0
2063,1
4023,1
3925,1
11859,1
2622,1
10446,1
4569,0
9828,1
9436,1
2272,0
8858,1
9726,0
5272,1
1320,1
1459,0
2700,1
2153,1
1279,0
5366,1
11662,0
5472,0
1703,0
1841,1
8833,1
6409,0
3712,0
2715,1
3878,0
8358,0
3552,1
2270,1
11369,0
11059,1
8446,0
2678,0
5129,0
1644,0
4646,2
5728,1
910,1
1969,1
11873,1
7809,1
10416,0
4933,0
1323,1
3470,1
802,0
447,0
9418,1
1019,0
11099,1
3499,0
9566,1
7686,0
4772,1
1050,0
1259,1
9549,1
4824,1
8881,2
6439,1
10741,1
9073,1
425,1
7052,1
1788,0
2288,0
2201,1
717,0
2869,1
11264,0
8280,0
7778,0
5298,0
5923,0
1722,0
3530,0
6296,0
9430,1
6983,0
235,1
1426,1
9876,1
4062,0
7212,0
8304,0
5169,1
3068,1
4650,0
4483,2
7964,1
7050,1
7326,1
3034,0
3943,0
555,1
3149,2
2219,0
2044,1
1438,0
731,1
2380,0
11410,1
6642,0
10019,0
6517,0
3063,1
888,2
1047,1
6029,2
5693,1
2173,0
10873,1
6475,1
5248,1
3720,0
11951,0
1312,1
8519,1
3909,0
8055,1
10138,0
7478,1
226,1
3291,1
7720,1
9866,1
9043,1
7297,0
798,1
8421,0
8489,1
3375,0
9390,0
11734,1
5982,1
5354,1
3903,1
7142,0
10323,1
1941,0
3835,0
6707,1
7851,0
8373,0
4735,0
11267,1
4955,0
5456,0
10616,1
8554,1
9676,0
6558,1
10890,1
2203,1
2060,1
2095,1
3854,1
2267,1
3223,1
8993,0
8951,0
5590,2
6223,0
1777,1
11604,1
3489,0
1673,1
8362,1
6974,0
6406,0
4561,1
6919,0
8122,0
5973,1
8289,0
6155,1
9484,0
5704,1
10333,0
7136,1
6522,0
2001,1
11627,0
6920,0
4923,1
9792,1
6762,0
2889,2
960,0
8720,1
11122,0
8106,1
11833,1
11778,1
7134,0
657,0
6520,0
10951,0
4137,1
10587,1
6759,1
4389,2
11399,1
7563,1
5886,0
1029,1
11052,1
9077,1
5047,1
7913,1
4193,1
2447,1
406,1
4352,0
3566,1
5051,1
3305,0
5074,0
3992,0
8418,1
1567,0
806,1
11424,0
10887,1
1435,0
4905,1
8755,1
6881,1
9949,1
1226,2
5829,1
9678,1
3357,1
4747,0
5836,1
7919,1
9889,1
1490,1
11248,1
8697,1
2055,0
7434,1
3328,1
11414,0
5246,2
11257,1
4680,1
7571,0
2276,0
881,0
8425,0
6282,0
7143,0
545,1
10938,0
4069,1
6621,0
4614,0
6378,0
2161,1
3550,2
2986,0
8655,0
11919,1
4545,1
4393,1
3600,1
1975,0
9533,1
11916,1
255,0
7129,1
5249,1
11261,1
117,0
10069,1
8890,0
10911,1
6001,0
3808,2
9957,0
671,1
10964,1
7432,1
3949,0
3510,1
11299,1
11196,0
11374,2
610,1
5579,0
3791,2
1230,0
724,1
11917,0
6032,0
9860,1
7098,0
99,0
10679,1
11831,0
4856,1
10327,1
727,0
1250,0
7196,1
11364,0
10921,0
5988,0
60,1
9299,1
5224,0
1421,1
8763,0
711,0
3218,1
11420,0
3243,1
5596,1
11702,1
9131,1
10878,1
663,0
2059,1
9404,0
8083,1
4410,1
7285,1
5167,1
4868,1
7489,0
11586,1
5255,1
2503,0
1183,2
578,1
3150,0
3627,1
4437,1
3417,1
9280,0
11853,1
5476,1
9685,0
8885,1
5700,0
622,1
5280,1
1614,1
9772,1
9664,1
9316,0
2698,0
2227,1
884,1
11269,2
11106,0
1342,1
8377,0
3616,1
2,1
11164,2
1965,1
2792,1
9615,0
1379,0
7668,1
10492,0
12,1
4266,0
7676,0
2003,1
6386,1
11316,1
1886,0
9729,0
10672,0
7381,0
2528,1
6850,0
4801,0
3574,1
6678,1
4210,1
1540,0
2145,0
7487,0
674,1
387,0
5475,1
2669,0
8960,1
5575,1
11189,0
8117,1
7560,1
7037,1
1349,0
1992,1
5270,0
10163,0
8234,1
2776,1
1590,1
8285,0
6331,1
3013,1
697,1
4089,1
1848,1
10305,0
3072,1
8129,0
6923,1
3367,0
3472,0
11324,0
4169,1
1366,1
242,0
11312,2
11178,0
6121,0
4870,1
2967,1
6102,0
2354,1
7255,1
835,1
734,0
5070,1
3433,1
9054,0
1931,0
7126,1
4230,1
2725,0
10256,1
3966,0
2405,0
10087,0
1020,0
3901,1
776,0
9740,1
1391,0
6532,0
11443,1
735,1
115,1
11489,1
8813,1
7161,0
10477,1
3680,1
11194,1
5158,0
2519,0
10199,0
225,1
4904,0
8910,0
4751,0
7267,0
5538,0
7166,0
6997,1
2629,1
1651,0
11672,0
3416,0
271,1
11167,2
6321,0
6981,0
9272,1
3337,1
5196,1
3475,0
5535,0
6390,1
9506,0
2486,1
4285,2
1283,0
7665,1
2948,1
5202,1
3877,1
10317,0
8308,0
3134,1
966,1
7906,1
9975,0
7259,1
3266,1
8148,0
7317,0
3202,0
9690,0
6772,0
10489,1
2479,0
6082,1
4117,0
8196,1
7803,0
4387,0
7228,1
7449,1
5187,1
9037,0
7939,1
879,2
7810,1
8086,2
11289,1
3882,0
11573,1
8740,1
597,0
5842,1
4985,0
795,0
9916,0
3699,0
2575,1
5738,0
7985,0
4976,0
11958,1
9475,1
3605,0
4435,0
9805,1
9681,0
6658,1
763,0
5530,2
3077,1
7538,1
180,1
1370,0
3241,1
9408,1
11039,0
89,1
2897,1
876,1
9278,1
5950,1
11705,1
1832,1
9486,0
3625,1
10499,1
7084,2
8283,1
3889,0
2655,1
1031,1
9730,1
10490,0
8179,1
2511,1
2268,0
2175,1
8367,1
11664,1
7137,0
920,1
9384,1
5325,0
6046,1
7456,1
10543,1
2082,0
1604,1
8604,1
5426,1
7347,0
4065,2
1815,1
10613,1
670,1
541,0
899,0
10349,1
5277,1
10157,0
8660,1
5096,1
6498,1
10008,0
4177,1
5405,1
6031,0
10017,0
9921,1
10811,1
570,0
2526,1
8399,1
2275,0
6626,0
11314,1
3442,1
7306,0
6719,1
5178,1
2862,1
3259,0
7596,1
2346,1
1812,1
7979,1
6278,0
5832,1
240,1
9275,0
7944,1
7078,1
4724,1
11985,1
5023,1
221,0
7307,1
5086,1
4861,1
6062,1
4665,1
4598,0
8103,1
503,0
5486,1
4051,0
4008,1
668,1
9537,1
382,1
8237,1
11599,0
6618,1
11773,1
4313,1
5826,0
2404,1
4669,1
8827,0
7604,1
10134,0
1555,0
11083,0
337,0
8792,0
924,0
2414,0
1940,1
1838,1
11393,0
6821,0
6411,0
8166,0
4699,1
2285,0
9996,1
1180,2
3796,0
3935,1
3213,0
4083,1
7501,0
5859,1
583,1
2355,1
11634,1
715,0
2584,0
9770,0
11603,1
9757,0
4156,1
4421,0
8144,0
3109,1
4623,1
10014,0
6918,0
3677,0
8706,1
5961,1
10468,1
6354,0
1705,0
10078,0
5393,1
1481,0
6352,1
3929,0
11813,0
11302,1
4828,1
1022,1
4848,0
5816,1
2434,0
5318,1
3840,0
7247,2
9884,1
3073,1
747,2
3683,1
4555,0
3007,0
1623,0
7230,1
6985,0
4330,1
4932,1
5293,0
1639,1
10746,0
6308,0
8900,1
5043,1
5176,1
582,1
1205,0
10075,0
9867,1
396,1
6318,0
1004,1
2878,1
7682,1
1612,1
2815,2
5784,1
4194,1
4547,1
9843,0
6964,0
210,1
9141,0
9453,1
7854,0
3944,1
1921,1
4163,1
4026,1
3298,0
8829,0
11203,1
1775,1
2555,1
461,1
488,1
9464,0
792,1
3269,0
3849,0
1593,0
11252,1
4703,1
72,0
6677,1
7946,1
2758,1
7630,1
1224,1
2988,1
8974,1
2485,0
9213,0
7208,1
9901,2
10743,1
441,1
491,1
714,0
4396,1
11318,1
6379,0
7357,0
937,1
2684,0
3602,1
11180,0
8159,1
2243,0
7729,1
9448,1
5245,1
1389,1
3457,1
6043,1
227,0
234,1
4626,1
7163,0
7016,0
10567,1
2893,1
4452,0
1876,1
553,0
4474,1
6982,1
1227,0
8873,1
11250,1
6978,1
3155,1
3397,1
8797,1
90,1
6166,0
2991,1
6639,0
1448,0
10036,0
3028,1
9489,0
8173,1
8505,0
5752,0
863,1
11963,1
1157,0
2334,0
449,0
1461,1
7414,1
5873,0
6215,0
4888,0
10550,1
8976,0
751,1
3089,1
577,0
10038,0
10660,0
459,2
2619,0
10526,1
6847,1
9465,0
10881,0
4032,1
6734,0
6179,1
1727,0
1383,0
951,1
304,0
6219,1
7225,0
4458,1
1239,1
9041,1
7024,1
8442,0
5200,1
6943,1
9458,0
6663,1
9473,0
10052,0
6898,0
5385,0
2152,1
1577,1
3915,0
3212,1
5034,0
7073,1
2034,1
7029,0
141,0
8332,0
10757,1
8587,0
2257,1
7801,0
3182,0
5064,1
11878,0
535,0
364,0
800,0
6096,1
11967,1
1262,1
9830,1
4552,1
8933,0
1414,0
10530,1
7410,1
1995,1
10286,0
11790,1
2038,1
2940,1
9763,1
8482,0
4662,1
4893,0
2064,1
8176,1
9527,1
5978,1
7422,1
8345,0
2041,1
4374,0
6718,0
10274,1
5007,0
3869,1
3876,0
10088,0
5865,1
477,1
8772,1
6136,1
9460,1
4851,0
778,0
1113,1
10021,1
10636,1
8379,1
8514,1
6248,1
10659,1
1583,0
2142,1
7025,0
1500,1
6560,1
10131,1
3737,0
9952,1
7723,0
2283,0
3948,1
3828,0
6656,0
5482,1
6511,0
11339,1
7404,0
5911,1
9886,1
1144,1
7739,1
595,1
9677,0
11694,0
3181,1
7864,0
1232,2
11682,0
4009,1
10332,0
1745,1
11306,0
5778,2
11311,0
6777,1
8188,1
263,1
6372,1
10311,1
9500,1
11187,1
5229,1
10251,0
10258,1
11582,0
279,1
6463,1
1425,0
2710,1
146,1
11774,0
1920,1
7254,1
4847,1
1428,1
1011,0
4532,1
5329,0
11198,0
1186,1
9463,0
7749,1
9503,1
5067,1
5553,0
3336,0
8965,1
7955,1
11441,0
2000,1
201,1
941,1
8504,0
8408,0
721,1
10104,0
749,1
10494,1
1284,1
98,1
7236,1
2239,0
4239,1
2964,1
6892,1
1377,1
2049,0
4356,2
7249,1
2643,1
1369,1
9085,1
6431,1
3809,0
6211,1
934,0
10747,0
3983,0
2449,1
7922,1
5646,1
9578,0
753,0
6613,0
3498,1
2762,1
11782,1
688,1
5687,1
9701,1
9877,0
3069,1
3728,0
5548,0
3575,1
1771,1
3538,0
4268,1
11151,0
3238,1
4238,1
11396,2
8899,1
11735,0
4369,0
6435,1
4391,0
8533,1
8851,1
5013,1
9291,2
7870,1
1071,0
9320,1
7291,1
1985,1
9616,0
9044,1
5390,0
4261,1
9771,0
8181,0
6812,0
10712,0
5916,1
1558,1
2398,0
7958,1
472,1
10619,0
9643,0
8186,1
3908,1
9822,2
6880,1
1203,1
7287,0
6564,1
4298,1
7750,2
284,2
2674,1
11146,1
4495,0
10393,1
10111,1
7362,1
7541,0
6534,1
8291,1
4534,1
1057,1
5731,0
954,1
7383,0
8656,0
1972,1
11753,1
6527,0
11060,1
11380,0
3239,1
11444,1
3650,1
7509,1
1210,1
3576,0
3669,0
8184,0
11553,0
2389,1
3964,0
8449,2
3493,0
6529,0
8594,1
1215,1
5685,0
559,0
103,1
7261,2
7286,1
7574,1
2374,0
4622,0
11213,0
3785,0
7452,0
6145,1
3311,1
10096,0
8735,1
7775,1
7359,1
6118,1
5336,2
10025,1
7227,1
3890,1
4631,1
6225,2
7520,1
4732,1
1271,0
11832,1
5125,1
1608,1
3125,0
9401,0
5785,1
4707,0
6523,1
1076,1
6994,1
6998,1
10994,1
9874,1
11680,0
5792,1
6028,1
127,1
9449,0
2462,0
8201,0
4422,0
8315,1
1238,0
2189,1
4898,2
7038,0
3863,1
10285,0
6844,1
3167,1
1830,1
7899,1
9706,0
9281,0
6249,1
8518,1
5146,0
1626,0
6551,0
3961,1
5368,0
6942,1
8550,0
3617,1
2598,1
10432,0
9422,1
8111,1
10116,1
2570,0
2381,1
7019,0
5183,0
678,1
2281,1
1182,0
10996,2
645,1
3803,0
3174,0
2864,1
4430,0
4587,0
5957,1
818,1
9042,2
113,0
2507,0
5948,0
2110,1
3494,0
10700,1
2045,2
5345,1
4636,0
4226,0
7530,0
7897,0
7312,1
2250,0
8560,1
3438,0
3990,1
7405,0
355,1
8539,0
2198,0
4236,1
626,1
7886,0
3501,1
1765,1
11858,1
5398,1
1299,1
8880,0
6037,0
10975,0
11761,1
6366,0
3171,1
8101,0
3246,1
2024,1
1478,1
4789,1
7189,0
3262,1
7428,0
10357,0
4796,1
8265,2
3410,1
8691,0
4185,2
515,1
5140,0
8673,0
8853,1
4895,0
2046,0
207,0
2804,0
8448,1
9358,1
8204,1
3332,1
1035,0
1131,0
10113,1
5684,0
8384,1
7893,1
1298,0
3329,2
10596,1
2305,0
904,2
3365,1
10140,2
6858,1
2513,0
4425,1
8561,1
10501,1
5356,1
10418,1
2553,1
1800,1
6051,1
7183,1
3703,1
4233,1
214,1
7914,1
8341,1
17,1
2238,1
407,0
2530,1
4995,1
2714,0
8796,0
3205,2
1417,2
2023,1
1504,0
9544,1
6633,0
1650,1
11923,0
5849,1
10728,1
7648,1
5659,1
1883,1
3160,0
5996,1
9039,1
5334,1
3652,2
5027,1
2472,1
11825,1
11439,1
5024,1
86,1
6891,1
7042,1
7117,1
3299,0
852,0
5668,0
4382,2
4521,0
10916,0
11605,0
779,0
9084,2
9088,0
5694,1
119,1
8498,1
9930,1
10736,0
11428,0
3319,1
1412,0
3770,1
4015,1
9521,1
10205,0
6818,0
9642,1
5582,1
1348,0
6991,1
2432,0
5767,0
9942,0
785,0
7276,0
709,1
7447,0
7888,1
10444,1
5658,0
2692,1
7508,0
733,1
6538,1
7770,1
10520,0
1014,1
4301,1
10630,0
9800,1
2735,1
1918,1
3916,0
1786,1
1579,0
6784,0
4034,1
7567,1
4526,0
1694,0
6775,0
1568,1
4674,0
11788,0
5651,1
6480,0
5900,0
7811,1
2985,1
11996,1
9601,0
5686,0
5919,0
7333,1
6661,0
5448,0
7954,1
3928,1
5730,0
7776,1
2453,1
5053,1
2877,1
10067,1
4152,0
10077,0
5110,1
1641,0
786,1
5903,1
4729,1
2006,1
10920,1
8850,1
2068,1
7036,1
6729,1
9055,1
2512,1
7866,0
7043,0
4576,0
3743,0
2800,1
1560,0
11992,1
4793,2
6007,0
2733,1
5378,2
4752,1
1333,1
4571,1
4250,1
10588,0
10223,1
3440,1
1211,1
1200,1
7573,0
4814,1
5082,0
3292,0
8488,1
1584,0
5322,0
7205,1
4418,1
5833,1
7953,1
11595,1
6456,0
6840,1
2149,1
7421,1
10378,0
3536,1
11748,1
9132,0
8738,1
7382,0
7145,0
552,0
5690,0
2253,0
241,1
11956,1
4630,0
9604,1
7309,1
3892,1
3819,1
11843,1
11121,1
2293,1
9935,1
10151,0
9452,0
9067,2
10351,1
366,0
10427,1
584,0
6617,1
2525,0
7840,1
8226,1
7595,0
1304,0
4384,1
7970,1
4171,1
10910,0
7889,0
6916,1
369,1
3537,1
3857,1
9755,0
2092,2
11149,0
10105,0
10082,2
6488,1
648,1
3930,1
10345,0
6510,2
7300,1
7057,1
6493,1
6979,0
2442,0
10515,0
5297,1
11262,1
2122,1
3131,1
3473,1
5889,0
1597,1
5330,1
9872,2
8375,0
11754,0
11406,1
6646,1
7221,0
2394,0
6173,0
2638,1
3301,1
5391,1
1122,0
1483,0
401,1
6614,1
415,1
3648,1
1939,0
7722,1
5118,1
1036,0
8160,1
10092,0
5424,1
2916,0
7005,0
4212,1
502,0
11043,0
8716,2
739,0
1291,1
1235,0
8313,1
2397,1
365,1
1213,1
1447,2
8124,1
7706,1
4347,1
3887,1
3378,1
3795,0
6131,1
2588,0
3419,1
9524,1
7675,1
9439,1
1714,0
10505,1
5922,1
7598,1
9687,1
9321,1
6091,0
4211,0
3456,1
2987,1
1787,1
5288,1
994,1
9966,1
5093,0
6703,1
6423,0
3582,0
1216,1
6587,1
9150,1
48,0
9058,0
8920,0
259,1
7830,2
9094,1
2950,0
2118,1
3629,1
3580,0
2097,0
10934,1
2098,1
3484,0
2833,0
1535,0
529,0
10267,1
1669,1
4517,1
1958,1
3727,2
6274,1
4957,1
6519,0
9607,1
2455,0
7150,1
7689,1
11304,0
8882,1
3287,0
2691,1
2390,1
7471,0
11139,1
2491,1
5955,1
3851,1
6208,0
4902,1
2504,1
6175,1
11840,0
2880,1
8943,2
6050,0
8766,0
4325,1
5519,1
1464,1
9836,2
7365,1
9366,0
990,1
8866,1
9845,1
1844,1
1960,0
3658,0
703,1
9423,1
5628,1
4105,0
6910,0
5446,0
508,0
10066,1
10590,1
6536,1
7278,0
10711,2
10136,1
10018,0
2117,0
9943,1
5253,0
10094,0
9646,0
10687,0
4779,1
4416,1
5103,1
1748,1
10539,0
6339,0
3265,1
6416,2
4180,0
6276,0
10988,1
3896,1
5550,1
9319,0
5016,0
6721,1
5018,1
11076,1
4196,1
11321,0
11143,0
9723,1
2978,1
8937,0
7488,0
9731,1
8577,1
8162,0
9844,1
9827,0
2845,1
5543,0
8243,1
5897,1
4788,0
7133,0
8547,1
8601,1
3253,0
8091,1
5000,1
8246,1
9922,0
2542,0
8334,1
6176,1
4028,0
184,1
5,0
3445,0
9382,1
9339,0
5729,1
5009,0
9818,0
9002,1
5742,0
6889,2
8954,1
7442,1
3485,0
8896,1
5857,1
6518,0
2280,1
1444,1
7608,0
3460,0
8378,0
2768,1
1354,0
5162,0
276,0
4031,1
6359,0
8552,1
3905,1
640,0
3977,0
9798,0
206,1
4771,1
9820,1
1129,1
2787,1
7372,0
4395,1
1045,0
9348,1
11708,0
7546,0
2134,1
2775,1
398,1
1645,0
3226,1
6799,1
6163,1
8614,1
9456,1
3107,1
3139,1
3085,1
6841,1
10041,1
1761,1
11044,0
428,0
5295,1
4716,1
7786,1
11673,1
11033,1
3491,0
5301,1
6666,0
8932,0
8110,1
6064,1
3369,1
2032,1
2902,1
8595,1
402,0
1012,0
3622,0
7671,0
1177,0
10342,1
11801,0
11166,0
7072,1
11772,1
9074,0
3247,0
6426,1
639,1
9491,1
9751,0
4827,0
9083,1
5994,1
2116,0
11925,1
7459,0
4687,0
637,0
9679,1
10153,0
7293,0
5021,0
104,0
5653,0
376,1
189,0
11717,0
4344,1
11113,1
9974,1
11593,0
3231,0
4404,2
993,1
4362,0
7104,1
6006,2
1763,1
2573,1
7411,0
5941,0
8888,0
9821,1
527,1
2493,0
3092,0
6252,1
11313,1
5806,0
5099,0
7918,0
1006,1
1831,1
9761,1
4303,0
6005,0
8405,0
11780,0
11932,0
6977,1
3607,0
9759,1
5175,0
5192,1
6074,0
7443,0
9534,1
10442,0
8288,0
7403,0
9519,1
6872,1
9134,0
4340,1
3429,1
7545,0
1263,1
3387,0
788,1
4056,1
1897,0
7871,1
3090,1
8,2
5845,1
3344,0
8589,0
1836,1
7553,0
7237,1
10627,1
4280,1
1405,0
5191,1
6333,1
4527,1
302,0
1574,2
5300,0
5128,1
6972,0
3762,1
5046,0
3251,0
9982,0
6793,0
2505,1
1932,0
2113,0
443,1
4107,0
6831,0
7400,0
8767,2
6530,1
4203,0
11263,1
11900,1
5206,2
9790,0
10343,1
2195,0
11777,0
10606,1
3757,1
5586,1
3211,1
466,1
4061,1
5846,0
1,1
11849,1
9350,0
11721,0
5274,0
996,0
6149,1
367,0
499,0
11144,1
10355,1
11868,1
3826,0
6483,1
1925,0
3963,1
1154,1
4173,1
3234,1
1208,1
1395,1
4241,1
3195,2
2365,1
4097,1
8030,1
10936,1
8668,1
10948,1
7743,1
4468,1
10229,1
2466,1
11404,2
9393,1
4390,1
7115,0
3476,1
2795,1
5699,1
9956,1
533,1
1854,1
9368,2
6286,1
2496,1
11949,1
4287,1
3356,1
6011,1
7062,0
5676,1
3398,0
11394,0
3012,1
3524,1
5892,0
2099,1
6996,1
6922,1
3578,0
3206,0
8814,1
11382,0
3497,1
9081,1
126,1
8435,0
9375,1
1124,1
4178,0
417,2
718,1
4764,1
1137,0
11568,1
8551,0
3303,1
7628,1
7321,1
1569,0
7611,1
3911,0
9445,0
10012,1
9395,0
1720,0
321,1
2992,0
6539,1
7825,1
4198,1
1027,0
9835,2
5231,0
9363,1
1061,1
8404,1
8958,0
4633,1
3941,0
8298,0
3993,1
4126,0
6773,0
4714,0
4874,1
4553,1
4863,1
8394,0
5328,0
9923,0
8670,1
3233,1
3071,1
179,0
224,1
8611,1
762,1
4915,1
5458,1
5756,0
2799,1
11884,0
4157,1
2030,1
7785,1
7380,0
33,0
244,1
2262,0
11896,1
2232,1
5861,1
1253,0
9981,0
4328,1
8238,0
8929,0
6871,1
11002,0
2704,1
9994,1
1744,1
851,0
8241,0
9474,1
7354,1
4908,0
6132,1
11072,0
10295,1
11301,2
8326,1
6681,0
3919,0
7951,0
9671,1
7962,0
11342,1
6764,2
4263,1
9268,1
5698,0
7614,1
10388,1
3866,1
10534,0
267,0
4140,0
10410,1
6804,1
4792,1
9481,1
2438,1
11078,1
6679,1
8300,0
2209,1
2827,1
7834,1
7066,1
1330,1
9362,1
5877,1
5605,0
10755,0
6181,1
7386,0
6992,1
2231,0
3531,1
9006,0
3154,0
836,1
627,1
325,2
4853,0
7639,0
5057,0
6330,2
3386,1
7048,1
11032,1
2848,0
7141,1
1416,1
4512,0
249,1
498,1
5663,0
5278,0
7995,1
7170,0
10293,1
6025,0
2483,1
1257,1
4611,1
11303,1
6781,1
6427,1
3111,1
683,0
7941,1
7324,1
3692,1
1033,1
2408,1
230,0
3496,1
3219,1
3126,0
144,0
10149,0
5751,0
5555,1
1023,1
7271,1
4496,0
675,1
12021,1
4984,1
11073,0
4878,2
6200,1
11733,1
6309,1
8369,0
4256,1
108,0
7909,1
860,1
7975,2
2108,2
8502,0
579,1
7552,1
2378,0
6117,0
5775,1
9839,0
8842,0
10284,0
10182,0
3865,1
11005,1
6291,0
7296,1
2851,0
8970,1
877,2
3651,1
7198,1
11409,2
7754,0
7219,1
7616,1
9550,1
5860,1
1013,1
3280,1
9517,0
10463,0
9285,0
10273,1
6843,0
2981,0
1849,1
4917,1
10629,0
185,0
3965,1
2132,0
1382,0
3871,1
4558,1
8779,1
5247,1
2402,1
5120,0
3163,1
6239,1
4497,0
5990,1
11720,1
2819,1
6768,1
4503,2
6911,1
8257,0
11819,1
5211,1
10143,1
5357,2
10414,0
270,1
6494,0
10593,1
8262,1
5095,0
1795,0
11175,0
4599,1
4327,0
3873,1
1755,0
9937,0
7091,1
7936,0
3427,1
6021,1
7246,1
10470,0
1942,1
10626,0
6500,0
7575,1
4428,1
8419,1
11131,1
7818,1
11567,1
2157,1
3922,0
4519,0
11436,1
5689,1
311,1
7684,0
9789,1
4246,1
7350,1
11386,1
10655,1
10738,1
550,1
1760,1
2989,1
5678,0
8275,1
9329,1
4010,1
6740,1
5091,1
10947,0
1371,1
1094,1
8769,1
7843,2
3784,0
5226,2
5340,0
1193,1
2956,1
1974,1
7547,1
8420,1
1766,1
3197,1
7396,0
3958,1
4282,1
1757,1
6625,1
6066,1
1037,2
11266,1
7458,2
8901,0
1806,0
1086,0
4217,1
5598,0
1628,0
6346,0
3989,1
3912,0
5136,0
8292,1
4712,0
7940,0
4135,0
2094,1
8340,0
2277,0
3295,1
3902,1
9159,0
8403,0
11195,0
5338,1
10278,0
5240,0
4231,1
6323,1
8957,1
8963,0
3858,1
3016,0
7974,0
1988,0
8693,1
473,1
4221,1
7441,1
5189,1
11879,0
1058,1
5710,1
7783,0
1627,0
7188,1
8112,1
4906,0
1209,1
9012,0
9271,0
2546,0
7915,0
2451,1
6505,2
4170,1
7157,0
8798,0
9035,1
1331,1
10670,0
8566,1
4802,1
1110,0
9547,0
5932,1
8372,1
2165,0
9273,0
9613,1
7622,1
1305,1
11049,2
1367,1
1740,1
274,0
6865,1
6081,1
3260,1
10680,1
7348,1
5758,1
6341,2
5186,1
4115,0
3044,1
11892,0
5173,1
5497,0
5650,1
2373,1
8484,1
6609,1
1316,1
2628,1
313,1
3991,0
4922,1
3135,1
4843,0
9308,1
10868,0
4021,1
2708,1
681,1
9,1
3360,1
8868,1
547,1
9212,1
8178,0
7094,1
11214,0
2160,1
5489,1
8583,0
1160,0
3823,0
631,0
2439,0
6811,1
2672,1
9427,1
1236,1
10291,2
5513,1
4277,1
7209,1
3,1
7328,1
3802,0
2421,0
3022,1
3018,0
8477,1
4783,1
854,0
3788,1
11347,1
4043,0
114,1
3222,0
2537,1
4672,1
2344,1
2820,0
9008,0
8652,1
696,0
11484,1
3998,1
4218,1
112,1
1526,0
1482,0
8790,0
7972,1
1923,1
5797,1
2607,1
1446,0
395,1
4715,2
2849,0
7632,1
8136,0
1281,1
1016,1
3377,1
2205,1
232,0
10484,0
3263,1
1858,1
6738,0
1543,1
5421,1
2842,0
9334,0
8904,1
6036,0
289,0
8543,1
4760,1
11019,1
7121,0
6593,1
9029,1
1497,0
1859,0
105,1
3249,1
1443,1
9139,1
6016,0
3980,1
2650,1
6217,0
11485,0
4419,1
3423,0
10614,1
2532,1
10513,1
8758,2
9915,0
10625,0
10264,0
6680,0
2780,0
4047,0
8157,0
9987,1
11964,1
9385,1
9756,1
4049,0
7583,1
567,0
7485,1
3426,1
2742,0
4919,0
2558,1
9791,1
5038,1
5741,0
11405,1
2187,2
7701,0
372,0
8130,1
11653,0
4003,1
9457,0
9327,0
10721,1
8323,1
16,1
4370,0
8737,1
5349,0
8942,0
594,2
7551,1
2020,1
5779,1
2730,1
3380,1
2612,1
1658,0
2914,1
7491,1
5869,1
10306,0
4850,0
10156,0
10980,1
9618,1
11124,1
8342,1
10483,1
6823,0
8314,0
8352,0
9972,1
9693,1
3560,0
5428,1
9093,0
6134,1
1442,0
10133,2
3518,0
11001,1
1359,1
3006,2
2591,0
10607,0
2367,2
10608,1
11036,1
5620,0
5675,0
5584,1
11029,1
6466,1
8744,1
3413,1
9968,0
11475,0
8402,2
6041,1
1343,0
4308,0
8973,1
7138,1
4259,1
7081,0
4854,0
8348,1
7360,1
10737,1
9307,0
9814,1
4780,0
5443,0
8909,1
6502,2
6289,1
7733,1
9349,1
2756,0
6068,0
2065,1
3060,2
7798,1
9525,0
6304,1
9665,0
2770,1
3137,0
8429,0
11615,0
1799,0
9699,0
11097,0
7270,1
5287,1
3255,0
1028,1
11134,1
9850,1
323,1
1802,1
4431,1
4215,0
6580,0
5511,0
2656,2
7653,0
6999,0
4154,1
8386,0
7603,2
10348,0
7727,0
8597,1
6454,1
7500,0
6371,0
10610,1
9672,1
5262,1
2103,1
1819,1
2077,1
8736,0
1635,1
8776,0
729,1
1408,1
11345,1
1922,1
2563,0
4201,1
2724,0
4323,1
9890,1
10449,1
9538,0
1808,1
5444,0
426,0
7859,1
7082,0
2797,1
3296,1
1896,2
272,1
2947,0
3697,1
10316,0
10688,0
2871,1
5510,1
4417,0
9011,2
12007,2
3278,1
4045,0
1607,1
3279,1
4311,0
7483,2
9148,1
9965,1
11836,1
2976,1
3444,1
1092,1
7217,0
6787,0
11588,1
11035,1
1980,0
3768,1
6749,0
586,0
3049,1
590,2
6682,1
7444,1
2216,0
8884,0
4274,1
5041,1
1779,0
11966,1
5430,1
10535,0
4564,1
8330,1
6796,1
7584,1
378,1
3230,2
3771,1
2054,1
7991,1
6826,0
6440,0
2816,1
5747,1
430,0
1657,1
7256,1
7823,0
6890,1
2675,0
9496,1
1782,0
6887,1
6283,0
9469,1
375,2
8087,1
6630,1
7917,1
262,2
3591,1
6990,1
6277,0
551,0
10114,0
3830,1
2066,1
686,1
2931,1
5949,1
1453,1
837,1
7173,0
8908,0
101,1
6255,0
10039,0
2265,1
10987,1
9595,1
54,0
6129,1
8104,1
3614,1
3533,0
4322,0
7369,1
5831,1
9586,0
11411,2
6770,1
1053,1
8903,1
3938,1
8887,0
6672,1
347,1
8677,0
3462,0
6861,1
2847,1
865,1
10880,1
11614,1
4842,1
8284,0
11839,0
124,2
5697,1
8788,0
11027,1
8534,0
10639,1
3446,0
6754,1
22,1
3814,1
4808,1
6137,0
1111,1
1296,1
1290,0
7745,0
2705,1
7924,1
3339,0
9705,1
6246,1
11123,1
6735,2
3749,1
7361,1
1642,1
6247,1
3115,0
297,0
11305,0
7053,1
4797,1
2436,0
9647,1
7049,0
250,1
11928,0
3564,1
12022,0
10923,1
9904,1
9287,1
6394,0
4041,0
9138,0
4174,0
3286,1
8941,0
8325,0
4567,0
2391,1
6791,0
11621,1
5882,0
8778,0
7932,0
8879,0
6938,0
5838,0
8163,0
4380,1
46,1
7865,0
9392,0
10978,2
8982,0
11693,1
2062,1
8513,0
1351,1
8222,1
2254,0
669,0
10403,0
3418,1
6786,0
2467,1
7527,0
4580,1
5912,2
1457,1
9511,0
4299,1
4318,1
2618,0
4358,2
1463,2
9108,0
10681,1
6392,0
11971,0
8959,1
6553,0
11986,1
7876,0
9310,1
10115,1
8271,1
8228,1
6627,1
6065,1
2918,1
11789,0
11335,1
5172,1
11120,0
326,0
8622,1
11232,0
4254,1
7273,0
5422,1
7106,0
2079,1
7755,0
11212,1
3469,1
1314,1
3729,0
7570,1
6424,0
8132,1
19,1
4542,1
2139,1
1130,1
2524,1
3245,0
11093,1
2766,0
7594,1
11435,0
1589,0
11941,1
592,1
3341,1
1388,1
3273,0
2884,0
8139,0
9841,0
1909,1
7041,1
6310,1
11727,0
8364,2
5787,1
9152,1
4245,1
6307,2
11429,1
7585,2
8928,1
745,0
2831,1
5737,0
9053,0
10942,1
9405,1
3526,1
6450,1
5599,1
8312,0
1804,0
6186,0
9907,1
9522,1
6805,0
2197,1
8365,1
10982,0
3946,1
10727,1
7879,1
11128,0
9948,1
7794,2
11750,1
10166,0
6567,1
2004,1
7277,0
3053,1
11283,0
5312,0
10554,1
7908,1
5364,1
4677,0
732,1
2188,0
916,1
10673,1
11976,1
4595,1
6739,1
6261,0
5258,1
4304,1
4766,1
9354,2
6664,1
642,1
5050,1
4473,0
819,2
8337,1
11418,1
5147,2
9628,1
4700,0
4046,0
6848,1
5933,0
4670,1
11028,1
5065,1
6348,1
1306,0
2556,0
2671,1
4042,1
6780,1
4605,1
2356,1
3995,1
5573,1
7454,0
8293,0
3893,1
7960,1
5748,0
6940,1
2540,1
1811,1
10973,1
5315,0
9016,0
9782,1
1596,0
10785,1
3931,1
3164,0
1049,1
521,1
7430,0
2316,0
8094,1
5234,0
6753,2
1317,1
10730,1
1240,1
5759,1
8843,0
421,0
5626,1
5466,0
10528,0
12024,0
7829,0
3452,0
539,0
1309,0
5885,0
9414,0
3982,1
9880,1
5953,1
2850,1
8988,0
11069,0
3453,1
12020,1
5788,1
10341,1
968,1
2428,1
281,0
4731,0
4132,1
3747,1
5496,0
4488,0
5500,0
5453,1
11560,1
9326,0
4363,1
5977,1
977,1
11448,0
6550,0
7109,1
6492,1
6648,1
4066,1
10967,1
10374,0
10668,1
10876,1
3066,0
4601,1
379,1
7557,0
6644,2
10454,0
5072,1
7748,1
8825,1
433,1
8276,2
6970,0
2206,1
6478,0
11769,1
6654,1
2711,1
4690,0
334,0
10272,1
8127,0
970,1
5801,1
7883,0
10931,0
5625,0
7351,0
10002,1
7792,0
4590,1
4129,0
5733,1
5680,1
4950,1
1539,1
4647,0
5362,1
10952,1
4383,0
2251,0
3272,1
6384,1
8395,0
8688,1
8081,0
1285,0
6084,2
8782,1
9855,1
10960,0
3114,0
10857,1
9518,1
8232,1
2235,1
8287,0
2841,1
3520,0
10506,2
8615,1
8940,0
1470,2
10130,1
7245,0
5492,1
3422,0
3668,0
11515,2
303,0
1433,0
4354,1
2091,1
3695,1
6015,0
4190,1
6828,0
7299,0
8143,1
5222,1
7461,1
9057,0
856,2
3210,0
10810,1
8390,1
748,0
10512,1
7319,1
5460,0
11952,1
31,0
8400,1
1282,1
4500,0
4125,1
6946,0
10498,1
6260,1
3904,1
4557,1
4762,1
6866,1
5583,1
2740,0
2952,1
7651,1
8371,0
4838,0
8830,0
7484,0
7895,0
5015,0
7787,0
2830,0
4260,2
3297,1
6230,1
3374,0
3093,0
3589,1
4916,0
5915,1
9941,1
10028,1
3541,0
6751,1
1982,0
8360,0
11806,1
7077,1
10196,0
1522,1
1301,1
5296,0
6859,0
6907,0
7943,1
7921,0
9092,1
647,1
1751,0
10362,1
10702,1
3346,1
11400,2
6114,2
4160,0
8914,0
3898,1
7330,0
6779,1
8680,0
10402,0
305,1
6864,0
8433,1
7433,1
10150,0
4979,0
6800,0
11571,1
1963,1
6123,1
3657,0
9776,0
5642,1
2407,1
10949,0
8320,0
5371,1
4710,0
5352,0
6984,0
5388,1
9906,0
7118,1
9623,1
3364,1
902,1
7439,0
10918,1
2926,1
5477,1
7419,0
4057,0
2879,1
5652,0
3315,1
2932,1
2771,0
2400,0
2233,1
1816,0
2061,1
5716,1
8486,0
3556,1
5104,1
3800,0
4857,1
5108,0
7055,1
10956,0
4289,0
6829,1
7855,0
1112,0
1620,1
4628,1
6363,1
9998,1
7655,0
2362,1
4149,1
4394,1
8961,1
191,0
3804,1
6287,1
1311,0
7253,1
5636,0
8602,0
10255,1
481,0
10103,0
1585,1
8135,1
3707,1
10435,1
9373,1
4167,1
2900,1
39,0
8661,0
9021,0
1380,1
11703,0
7364,1
6361,0
10318,1
9823,1
1936,0
7046,0
261,0
3335,1
5622,0
2620,1
2328,0
11395,0
10100,0
3836,0
2958,1
1894,0
8327,0
1451,0
3959,1
6711,1
7338,1
3597,0
7609,0
7035,0
11945,1
8311,0
2922,0
419,0
5454,0
2155,1
3350,0
11328,0
3323,1
1542,0
9606,0
1914,1
8800,1
1024,1
10592,1
6650,1
10122,1
955,0
2755,1
9868,0
2963,1
6803,0
4967,0
5639,1
9415,1
5847,1
5740,0
2961,1
5203,1
2632,0
3046,0
546,0
8818,1
6019,2
1039,1
1738,1
5112,0
1114,1
7688,0
615,1
1487,1
11421,1
1581,1
5635,1
701,1
11700,1
1601,1
3215,0
4375,1
59,1
8353,0
8409,0
7558,1
544,1
1184,0
4225,0
6187,1
4002,1
6573,1
3159,1
10752,1
1021,0
6420,0
603,1
3116,1
6813,1
1001,0
381,2
3646,1
2995,1
943,1
10396,1
7867,0
8990,0
8962,1
5736,1
7662,0
4118,0
9020,1
1780,0
4876,0
1116,1
5252,1
14,1
9838,0
1699,0
1797,1
11010,1
3733,1
213,0
8831,1
140,1
9793,1
4795,0
8235,0
1865,1
10270,1
2190,0
2297,0
7877,2
11398,1
6521,1
6853,1
10015,0
886,0
1948,0
11854,0
1141,0
3402,0
7370,0
7336,1
3644,1
4682,1
9933,1
5638,0
1947,1
10945,1
1302,1
41,1
4208,0
9962,0
10007,0
598,0
2764,0
5770,1
6479,0
1041,1
10117,0
662,0
8296,0
11784,1
5708,1
11997,1
4372,0
3271,0
828,1
10259,1
7203,1
8366,0
1439,1
4465,0
5600,0
4159,0
7349,0
5766,1
9338,0
10527,0
1706,1
8919,1
11021,2
6240,1
936,2
7392,0
3527,1
6755,1
10202,0
6882,1
11064,1
8989,0
692,0
5090,0
6197,0
4978,1
10666,1
277,1
9917,0
7691,1
11171,0
11487,1
9441,2
4986,0
4456,0
8607,1
1866,0
10457,0
1545,1
2855,1
11348,1
5554,1
7566,1
6072,0
9421,1
1048,1
8245,0
2489,0
1912,1
9317,1
1119,1
5850,0
9454,1
2559,1
11657,1
11246,0
8549,0
4858,1
542,1
5998,0
523,0
2712,0
2912,0
7260,1
10789,0
7845,1
3372,1
8784,1
3463,0
8839,0
2051,1
3638,1
9663,1
2478,1
5532,0
5168,1
8078,1
9928,0
8506,0
3055,1
566,1
10102,2
11736,0
5688,0
1201,2
35,0
651,1
9431,0
3180,0
5435,1
3936,1
2794,1
689,1
6913,0
2817,1
11326,2
10926,1
8889,0
1715,0
5217,0
8521,0
3381,1
5894,0
4890,0
8072,1
6095,2
1248,1
6002,0
1231,1
3921,0
5360,1
2933,0
6182,1
239,0
3474,0
1994,0
2870,0
11206,0
6851,1
4423,0
7398,2
11024,1
351,1
7935,1
8499,0
7766,0
11056,0
991,1
6702,1
